[
  {
    "_id": "971923d0-c2e4-11e9-9a72-cb4b7fdfd6a0",
    "_type": "dashboard",
    "_source": {
      "title": "VH",
      "hits": 0,
      "description": "",
      "panelsJSON": "[{\"gridData\":{\"x\":0,\"y\":48,\"w\":48,\"h\":36,\"i\":\"1\"},\"id\":\"3861b410-c2e4-11e9-9a72-cb4b7fdfd6a0\",\"panelIndex\":\"1\",\"type\":\"visualization\",\"version\":\"6.6.2\"},{\"gridData\":{\"x\":0,\"y\":0,\"w\":48,\"h\":24,\"i\":\"2\"},\"id\":\"a1b2b8c0-c2e3-11e9-9a72-cb4b7fdfd6a0\",\"panelIndex\":\"2\",\"type\":\"visualization\",\"version\":\"6.6.2\"},{\"gridData\":{\"x\":0,\"y\":24,\"w\":48,\"h\":24,\"i\":\"3\"},\"id\":\"a579ef60-c2e2-11e9-9a72-cb4b7fdfd6a0\",\"panelIndex\":\"3\",\"type\":\"visualization\",\"version\":\"6.6.2\"},{\"gridData\":{\"x\":0,\"y\":84,\"w\":24,\"h\":20,\"i\":\"4\"},\"id\":\"eda6d3e0-c2ea-11e9-9a72-cb4b7fdfd6a0\",\"panelIndex\":\"4\",\"type\":\"visualization\",\"version\":\"6.6.2\"},{\"gridData\":{\"x\":24,\"y\":84,\"w\":24,\"h\":20,\"i\":\"5\"},\"id\":\"d694a640-c2eb-11e9-9a72-cb4b7fdfd6a0\",\"panelIndex\":\"5\",\"type\":\"visualization\",\"version\":\"6.6.2\"},{\"embeddableConfig\":{\"spy\":{\"mode\":{\"name\":\"table\"}}},\"gridData\":{\"x\":0,\"y\":104,\"w\":48,\"h\":17,\"i\":\"6\"},\"id\":\"eb9a0200-c2ec-11e9-9a72-cb4b7fdfd6a0\",\"panelIndex\":\"6\",\"type\":\"visualization\",\"version\":\"6.6.2\"},{\"embeddableConfig\":{\"spy\":{\"mode\":{\"name\":\"table\"}},\"vis\":{\"legendOpen\":false}},\"gridData\":{\"x\":0,\"y\":121,\"w\":48,\"h\":17,\"i\":\"7\"},\"id\":\"8fee0810-c2ed-11e9-9a72-cb4b7fdfd6a0\",\"panelIndex\":\"7\",\"type\":\"visualization\",\"version\":\"6.6.2\"},{\"gridData\":{\"x\":0,\"y\":138,\"w\":24,\"h\":20,\"i\":\"8\"},\"id\":\"0583d950-c2ef-11e9-9a72-cb4b7fdfd6a0\",\"panelIndex\":\"8\",\"type\":\"visualization\",\"version\":\"6.6.2\"},{\"embeddableConfig\":{\"vis\":{\"legendOpen\":true}},\"gridData\":{\"x\":24,\"y\":138,\"w\":24,\"h\":20,\"i\":\"9\"},\"id\":\"8a9d07b0-c2ef-11e9-9a72-cb4b7fdfd6a0\",\"panelIndex\":\"9\",\"type\":\"visualization\",\"version\":\"6.6.2\"},{\"embeddableConfig\":{\"spy\":null,\"vis\":{\"legendOpen\":false}},\"gridData\":{\"x\":0,\"y\":158,\"w\":24,\"h\":16,\"i\":\"10\"},\"id\":\"a6d8b3b0-c2f0-11e9-9a72-cb4b7fdfd6a0\",\"panelIndex\":\"10\",\"type\":\"visualization\",\"version\":\"6.6.2\"},{\"embeddableConfig\":{\"vis\":{\"legendOpen\":false}},\"gridData\":{\"x\":24,\"y\":158,\"w\":24,\"h\":16,\"i\":\"11\"},\"id\":\"22e7e340-c2f1-11e9-9a72-cb4b7fdfd6a0\",\"panelIndex\":\"11\",\"type\":\"visualization\",\"version\":\"6.6.2\"},{\"embeddableConfig\":{},\"gridData\":{\"x\":0,\"y\":174,\"w\":24,\"h\":15,\"i\":\"12\"},\"id\":\"b68de700-c433-11e9-9eef-bf3fd59e7f29\",\"panelIndex\":\"12\",\"type\":\"visualization\",\"version\":\"6.6.2\"},{\"embeddableConfig\":{},\"gridData\":{\"x\":24,\"y\":174,\"w\":24,\"h\":15,\"i\":\"13\"},\"id\":\"0f20b1b0-c441-11e9-9eef-bf3fd59e7f29\",\"panelIndex\":\"13\",\"type\":\"visualization\",\"version\":\"6.6.2\"}]",
      "optionsJSON": "{\"darkTheme\":false,\"hidePanelTitles\":false,\"useMargins\":true}",
      "version": 1,
      "timeRestore": false,
      "kibanaSavedObjectMeta": {
        "searchSourceJSON": "{\"query\":{\"language\":\"lucene\",\"query\":\"investigated: false\"},\"filter\":[],\"highlightAll\":true,\"version\":true}"
      }
    }
  },
  {
    "_id": "1a322b70-97ae-11e9-9534-8dd90a937317",
    "_type": "search",
    "_source": {
      "title": "VH-Hidden procs",
      "description": "",
      "hits": 0,
      "columns": [
        "_source"
      ],
      "sort": [
        "_score",
        "desc"
      ],
      "version": 1,
      "kibanaSavedObjectMeta": {
        "searchSourceJSON": "{\"index\":\"eebfc5e0-c356-11e9-9eef-bf3fd59e7f29\",\"highlightAll\":true,\"version\":true,\"query\":{\"language\":\"lucene\",\"query\":\"psxview.pslist:false\"},\"filter\":[{\"meta\":{\"negate\":false,\"index\":\"8902b200-9523-11e9-a963-238b74985cf6\",\"type\":\"phrase\",\"key\":\"process.name\",\"value\":\"cmd.exe\",\"params\":{\"query\":\"cmd.exe\",\"type\":\"phrase\"},\"disabled\":true,\"alias\":null},\"query\":{\"match\":{\"process.name\":{\"query\":\"cmd.exe\",\"type\":\"phrase\"}}},\"$state\":{\"store\":\"appState\"}},{\"meta\":{\"negate\":false,\"index\":\"8902b200-9523-11e9-a963-238b74985cf6\",\"type\":\"phrase\",\"key\":\"process.name\",\"value\":\"svchost.exe\",\"params\":{\"query\":\"svchost.exe\",\"type\":\"phrase\"},\"disabled\":false,\"alias\":null},\"query\":{\"match\":{\"process.name\":{\"query\":\"svchost.exe\",\"type\":\"phrase\"}}},\"$state\":{\"store\":\"appState\"}}]}"
      }
    }
  },
  {
    "_id": "3861b410-c2e4-11e9-9a72-cb4b7fdfd6a0",
    "_type": "visualization",
    "_source": {
      "title": "VH-Process Lineage",
      "visState": "{\"title\":\"VH-Process Lineage\",\"type\":\"histogram\",\"params\":{\"type\":\"histogram\",\"grid\":{\"categoryLines\":false,\"style\":{\"color\":\"#eee\"}},\"categoryAxes\":[{\"id\":\"CategoryAxis-1\",\"type\":\"category\",\"position\":\"bottom\",\"show\":true,\"style\":{},\"scale\":{\"type\":\"linear\"},\"labels\":{\"show\":true,\"truncate\":100},\"title\":{}}],\"valueAxes\":[{\"id\":\"ValueAxis-1\",\"name\":\"LeftAxis-1\",\"type\":\"value\",\"position\":\"left\",\"show\":true,\"style\":{},\"scale\":{\"type\":\"linear\",\"mode\":\"normal\"},\"labels\":{\"show\":true,\"rotate\":0,\"filter\":false,\"truncate\":100},\"title\":{\"text\":\"Count\"}}],\"seriesParams\":[{\"show\":\"true\",\"type\":\"histogram\",\"mode\":\"stacked\",\"data\":{\"label\":\"Count\",\"id\":\"1\"},\"valueAxis\":\"ValueAxis-1\",\"drawLinesBetweenPoints\":true,\"showCircles\":true}],\"addTooltip\":true,\"addLegend\":true,\"legendPosition\":\"right\",\"times\":[],\"addTimeMarker\":false},\"aggs\":[{\"id\":\"1\",\"enabled\":true,\"type\":\"count\",\"schema\":\"metric\",\"params\":{}},{\"id\":\"2\",\"enabled\":true,\"type\":\"terms\",\"schema\":\"segment\",\"params\":{\"field\":\"process.parent.name.keyword\",\"otherBucket\":false,\"otherBucketLabel\":\"Other\",\"missingBucket\":false,\"missingBucketLabel\":\"Missing\",\"size\":15,\"order\":\"desc\",\"orderBy\":\"1\",\"customLabel\":\"Parent Process\"}},{\"id\":\"3\",\"enabled\":true,\"type\":\"terms\",\"schema\":\"group\",\"params\":{\"field\":\"process.name.keyword\",\"otherBucket\":false,\"otherBucketLabel\":\"Other\",\"missingBucket\":false,\"missingBucketLabel\":\"Missing\",\"size\":15,\"order\":\"desc\",\"orderBy\":\"1\",\"customLabel\":\"Process Name\"}}]}",
      "uiStateJSON": "{}",
      "description": "",
      "version": 1,
      "kibanaSavedObjectMeta": {
        "searchSourceJSON": "{\"index\":\"eebfc5e0-c356-11e9-9eef-bf3fd59e7f29\",\"filter\":[],\"query\":{\"query\":\"plugin: pslist\",\"language\":\"lucene\"}}"
      }
    }
  },
  {
    "_id": "eb9a0200-c2ec-11e9-9a72-cb4b7fdfd6a0",
    "_type": "visualization",
    "_source": {
      "title": "VH-Rarest DLLs",
      "visState": "{\"title\":\"VH-Rarest DLLs\",\"type\":\"horizontal_bar\",\"params\":{\"type\":\"histogram\",\"grid\":{\"categoryLines\":false,\"style\":{\"color\":\"#eee\"}},\"categoryAxes\":[{\"id\":\"CategoryAxis-1\",\"type\":\"category\",\"position\":\"left\",\"show\":true,\"style\":{},\"scale\":{\"type\":\"linear\"},\"labels\":{\"show\":true,\"rotate\":0,\"filter\":false,\"truncate\":200},\"title\":{}}],\"valueAxes\":[{\"id\":\"ValueAxis-1\",\"name\":\"LeftAxis-1\",\"type\":\"value\",\"position\":\"bottom\",\"show\":true,\"style\":{},\"scale\":{\"type\":\"linear\",\"mode\":\"normal\"},\"labels\":{\"show\":true,\"rotate\":75,\"filter\":true,\"truncate\":100},\"title\":{\"text\":\"Count\"}}],\"seriesParams\":[{\"show\":true,\"type\":\"histogram\",\"mode\":\"normal\",\"data\":{\"label\":\"Count\",\"id\":\"1\"},\"valueAxis\":\"ValueAxis-1\",\"drawLinesBetweenPoints\":true,\"showCircles\":true}],\"addTooltip\":true,\"addLegend\":true,\"legendPosition\":\"right\",\"times\":[],\"addTimeMarker\":false},\"aggs\":[{\"id\":\"1\",\"enabled\":true,\"type\":\"count\",\"schema\":\"metric\",\"params\":{}},{\"id\":\"2\",\"enabled\":true,\"type\":\"terms\",\"schema\":\"segment\",\"params\":{\"field\":\"dlllist.path.keyword\",\"otherBucket\":false,\"otherBucketLabel\":\"Other\",\"missingBucket\":false,\"missingBucketLabel\":\"Missing\",\"size\":15,\"order\":\"asc\",\"orderBy\":\"1\",\"customLabel\":\"DLL Path\"}}]}",
      "uiStateJSON": "{}",
      "description": "",
      "version": 1,
      "kibanaSavedObjectMeta": {
        "searchSourceJSON": "{\"index\":\"eebfc5e0-c356-11e9-9eef-bf3fd59e7f29\",\"filter\":[],\"query\":{\"query\":\"plugin: dlllist\",\"language\":\"lucene\"}}"
      }
    }
  },
  {
    "_id": "eda6d3e0-c2ea-11e9-9a72-cb4b7fdfd6a0",
    "_type": "visualization",
    "_source": {
      "title": "VH-Rarest Process",
      "visState": "{\"title\":\"VH-Rarest Process\",\"type\":\"histogram\",\"params\":{\"type\":\"histogram\",\"grid\":{\"categoryLines\":false,\"style\":{\"color\":\"#eee\"}},\"categoryAxes\":[{\"id\":\"CategoryAxis-1\",\"type\":\"category\",\"position\":\"bottom\",\"show\":true,\"style\":{},\"scale\":{\"type\":\"linear\"},\"labels\":{\"show\":true,\"truncate\":100},\"title\":{}}],\"valueAxes\":[{\"id\":\"ValueAxis-1\",\"name\":\"LeftAxis-1\",\"type\":\"value\",\"position\":\"left\",\"show\":true,\"style\":{},\"scale\":{\"type\":\"linear\",\"mode\":\"normal\"},\"labels\":{\"show\":true,\"rotate\":0,\"filter\":false,\"truncate\":100},\"title\":{\"text\":\"Count\"}}],\"seriesParams\":[{\"show\":\"true\",\"type\":\"histogram\",\"mode\":\"stacked\",\"data\":{\"label\":\"Count\",\"id\":\"1\"},\"valueAxis\":\"ValueAxis-1\",\"drawLinesBetweenPoints\":true,\"showCircles\":true}],\"addTooltip\":true,\"addLegend\":true,\"legendPosition\":\"right\",\"times\":[],\"addTimeMarker\":false},\"aggs\":[{\"id\":\"1\",\"enabled\":true,\"type\":\"count\",\"schema\":\"metric\",\"params\":{\"customLabel\":\"\"}},{\"id\":\"2\",\"enabled\":true,\"type\":\"terms\",\"schema\":\"segment\",\"params\":{\"field\":\"process.name.keyword\",\"otherBucket\":false,\"otherBucketLabel\":\"Other\",\"missingBucket\":false,\"missingBucketLabel\":\"Missing\",\"size\":25,\"order\":\"asc\",\"orderBy\":\"1\",\"customLabel\":\"Process Name\"}}]}",
      "uiStateJSON": "{}",
      "description": "",
      "version": 1,
      "kibanaSavedObjectMeta": {
        "searchSourceJSON": "{\"index\":\"eebfc5e0-c356-11e9-9eef-bf3fd59e7f29\",\"filter\":[],\"query\":{\"query\":\"plugin: psxview\",\"language\":\"lucene\"}}"
      }
    }
  },
  {
    "_id": "a579ef60-c2e2-11e9-9a72-cb4b7fdfd6a0",
    "_type": "visualization",
    "_source": {
      "title": "VH-Tag Alerts",
      "visState": "{\"title\":\"VH-Tag Alerts\",\"type\":\"table\",\"params\":{\"perPage\":10,\"showMeticsAtAllLevels\":false,\"showPartialRows\":false,\"showTotal\":false,\"sort\":{\"columnIndex\":null,\"direction\":null},\"totalFunc\":\"sum\"},\"aggs\":[{\"id\":\"1\",\"enabled\":true,\"type\":\"count\",\"schema\":\"metric\",\"params\":{}},{\"id\":\"2\",\"enabled\":true,\"type\":\"terms\",\"schema\":\"split\",\"params\":{\"field\":\"tags.keyword\",\"otherBucket\":false,\"otherBucketLabel\":\"Other\",\"missingBucket\":false,\"missingBucketLabel\":\"Missing\",\"exclude\":\"\",\"include\":\"NonSys32DLL|InjectedDLL|MZHEADER|FUNCPROLOGUE\",\"size\":5,\"order\":\"desc\",\"orderBy\":\"1\",\"customLabel\":\"Tag\",\"row\":false}},{\"id\":\"3\",\"enabled\":true,\"type\":\"terms\",\"schema\":\"bucket\",\"params\":{\"field\":\"hostname.keyword\",\"otherBucket\":false,\"otherBucketLabel\":\"Other\",\"missingBucket\":false,\"missingBucketLabel\":\"Missing\",\"size\":10,\"order\":\"desc\",\"orderBy\":\"1\",\"customLabel\":\"Hostname\"}}]}",
      "uiStateJSON": "{\"vis\":{\"params\":{\"sort\":{\"columnIndex\":null,\"direction\":null}}}}",
      "description": "",
      "version": 1,
      "kibanaSavedObjectMeta": {
        "searchSourceJSON": "{\"index\":\"eebfc5e0-c356-11e9-9eef-bf3fd59e7f29\",\"filter\":[],\"query\":{\"language\":\"lucene\",\"query\":\"\"}}"
      }
    }
  },
  {
    "_id": "a1b2b8c0-c2e3-11e9-9a72-cb4b7fdfd6a0",
    "_type": "visualization",
    "_source": {
      "title": "VH-CAR Analytics",
      "visState": "{\"title\":\"VH-CAR Analytics\",\"type\":\"table\",\"params\":{\"perPage\":10,\"showPartialRows\":false,\"showMeticsAtAllLevels\":false,\"sort\":{\"columnIndex\":null,\"direction\":null},\"showTotal\":false,\"totalFunc\":\"sum\"},\"aggs\":[{\"id\":\"1\",\"enabled\":true,\"type\":\"count\",\"schema\":\"metric\",\"params\":{}},{\"id\":\"2\",\"enabled\":true,\"type\":\"terms\",\"schema\":\"split\",\"params\":{\"field\":\"tags.keyword\",\"otherBucket\":false,\"otherBucketLabel\":\"Other\",\"missingBucket\":false,\"missingBucketLabel\":\"Missing\",\"exclude\":\"NonSys32DLL|MZHEADER|FUNCPROLOGUE|InjectedDLL\",\"include\":\"\",\"size\":12,\"order\":\"desc\",\"orderBy\":\"1\",\"customLabel\":\"Analytic\",\"row\":false}},{\"id\":\"3\",\"enabled\":true,\"type\":\"terms\",\"schema\":\"bucket\",\"params\":{\"field\":\"hostname.keyword\",\"otherBucket\":false,\"otherBucketLabel\":\"Other\",\"missingBucket\":false,\"missingBucketLabel\":\"Missing\",\"size\":10,\"order\":\"desc\",\"orderBy\":\"1\",\"customLabel\":\"Hostname\"}}]}",
      "uiStateJSON": "{\"vis\":{\"params\":{\"sort\":{\"columnIndex\":null,\"direction\":null}}}}",
      "description": "",
      "version": 1,
      "kibanaSavedObjectMeta": {
        "searchSourceJSON": "{\"index\":\"eebfc5e0-c356-11e9-9eef-bf3fd59e7f29\",\"filter\":[],\"query\":{\"query\":\"tags: CAR-* AND NOT tags: *caro*\",\"language\":\"lucene\"}}"
      }
    }
  },
  {
    "_id": "d694a640-c2eb-11e9-9a72-cb4b7fdfd6a0",
    "_type": "visualization",
    "_source": {
      "title": "VH-SSDT Hooking",
      "visState": "{\"title\":\"VH-SSDT Hooking\",\"type\":\"pie\",\"params\":{\"addLegend\":true,\"addTooltip\":true,\"isDonut\":true,\"labels\":{\"last_level\":true,\"show\":false,\"truncate\":100,\"values\":true},\"legendPosition\":\"right\",\"type\":\"pie\"},\"aggs\":[{\"id\":\"1\",\"enabled\":true,\"type\":\"count\",\"schema\":\"metric\",\"params\":{}},{\"id\":\"2\",\"enabled\":true,\"type\":\"terms\",\"schema\":\"segment\",\"params\":{\"field\":\"ssdt.owner.keyword\",\"otherBucket\":false,\"otherBucketLabel\":\"Other\",\"missingBucket\":false,\"missingBucketLabel\":\"Missing\",\"exclude\":\"win32k.sys|ntoskrnl.exe\",\"size\":5,\"order\":\"desc\",\"orderBy\":\"1\",\"customLabel\":\"SSDT Owner\"}},{\"id\":\"3\",\"enabled\":true,\"type\":\"terms\",\"schema\":\"segment\",\"params\":{\"field\":\"hostname.keyword\",\"otherBucket\":false,\"otherBucketLabel\":\"Other\",\"missingBucket\":false,\"missingBucketLabel\":\"Missing\",\"size\":5,\"order\":\"desc\",\"orderBy\":\"1\",\"customLabel\":\"Hostname\"}}]}",
      "uiStateJSON": "{}",
      "description": "",
      "version": 1,
      "kibanaSavedObjectMeta": {
        "searchSourceJSON": "{\"index\":\"eebfc5e0-c356-11e9-9eef-bf3fd59e7f29\",\"filter\":[],\"query\":{\"language\":\"lucene\",\"query\":\"plugin: ssdt\"}}"
      }
    }
  },
  {
    "_id": "8fee0810-c2ed-11e9-9a72-cb4b7fdfd6a0",
    "_type": "visualization",
    "_source": {
      "title": "VH-Rare CMDLine Arguments",
      "visState": "{\"title\":\"VH-Rare CMDLine Arguments\",\"type\":\"horizontal_bar\",\"params\":{\"type\":\"histogram\",\"grid\":{\"categoryLines\":false,\"style\":{\"color\":\"#eee\"}},\"categoryAxes\":[{\"id\":\"CategoryAxis-1\",\"type\":\"category\",\"position\":\"left\",\"show\":true,\"style\":{},\"scale\":{\"type\":\"linear\"},\"labels\":{\"show\":true,\"rotate\":0,\"filter\":false,\"truncate\":200},\"title\":{}}],\"valueAxes\":[{\"id\":\"ValueAxis-1\",\"name\":\"LeftAxis-1\",\"type\":\"value\",\"position\":\"bottom\",\"show\":true,\"style\":{},\"scale\":{\"type\":\"linear\",\"mode\":\"normal\"},\"labels\":{\"show\":true,\"rotate\":75,\"filter\":true,\"truncate\":100},\"title\":{\"text\":\"Count\"}}],\"seriesParams\":[{\"show\":true,\"type\":\"histogram\",\"mode\":\"normal\",\"data\":{\"label\":\"Count\",\"id\":\"1\"},\"valueAxis\":\"ValueAxis-1\",\"drawLinesBetweenPoints\":true,\"showCircles\":true}],\"addTooltip\":true,\"addLegend\":true,\"legendPosition\":\"right\",\"times\":[],\"addTimeMarker\":false},\"aggs\":[{\"id\":\"1\",\"enabled\":true,\"type\":\"count\",\"schema\":\"metric\",\"params\":{}},{\"id\":\"2\",\"enabled\":true,\"type\":\"terms\",\"schema\":\"segment\",\"params\":{\"field\":\"process.arguments.keyword\",\"otherBucket\":false,\"otherBucketLabel\":\"Other\",\"missingBucket\":false,\"missingBucketLabel\":\"Missing\",\"size\":15,\"order\":\"asc\",\"orderBy\":\"1\",\"customLabel\":\"CMDLine Arguments\"}}]}",
      "uiStateJSON": "{}",
      "description": "",
      "version": 1,
      "kibanaSavedObjectMeta": {
        "searchSourceJSON": "{\"index\":\"eebfc5e0-c356-11e9-9eef-bf3fd59e7f29\",\"filter\":[],\"query\":{\"language\":\"lucene\",\"query\":\"plugin: cmdline\"}}"
      }
    }
  },
  {
    "_id": "a6d8b3b0-c2f0-11e9-9a72-cb4b7fdfd6a0",
    "_type": "visualization",
    "_source": {
      "title": "VH-Network Spawners",
      "visState": "{\"title\":\"VH-Network Spawners\",\"type\":\"horizontal_bar\",\"params\":{\"type\":\"histogram\",\"grid\":{\"categoryLines\":false,\"style\":{\"color\":\"#eee\"}},\"categoryAxes\":[{\"id\":\"CategoryAxis-1\",\"type\":\"category\",\"position\":\"left\",\"show\":true,\"style\":{},\"scale\":{\"type\":\"linear\"},\"labels\":{\"show\":true,\"rotate\":0,\"filter\":false,\"truncate\":200},\"title\":{}}],\"valueAxes\":[{\"id\":\"ValueAxis-1\",\"name\":\"LeftAxis-1\",\"type\":\"value\",\"position\":\"bottom\",\"show\":true,\"style\":{},\"scale\":{\"type\":\"linear\",\"mode\":\"normal\"},\"labels\":{\"show\":true,\"rotate\":75,\"filter\":true,\"truncate\":100},\"title\":{\"text\":\"Instances\"}}],\"seriesParams\":[{\"show\":true,\"type\":\"histogram\",\"mode\":\"normal\",\"data\":{\"label\":\"Instances\",\"id\":\"1\"},\"valueAxis\":\"ValueAxis-1\",\"drawLinesBetweenPoints\":true,\"showCircles\":true}],\"addTooltip\":true,\"addLegend\":true,\"legendPosition\":\"right\",\"times\":[],\"addTimeMarker\":false},\"aggs\":[{\"id\":\"1\",\"enabled\":true,\"type\":\"count\",\"schema\":\"metric\",\"params\":{\"customLabel\":\"Instances\"}},{\"id\":\"2\",\"enabled\":true,\"type\":\"terms\",\"schema\":\"segment\",\"params\":{\"field\":\"process.name.keyword\",\"otherBucket\":false,\"otherBucketLabel\":\"Other\",\"missingBucket\":false,\"missingBucketLabel\":\"Missing\",\"size\":10,\"order\":\"asc\",\"orderBy\":\"1\",\"customLabel\":\"Process Name\"}}]}",
      "uiStateJSON": "{}",
      "description": "",
      "version": 1,
      "kibanaSavedObjectMeta": {
        "searchSourceJSON": "{\"index\":\"eebfc5e0-c356-11e9-9eef-bf3fd59e7f29\",\"filter\":[],\"query\":{\"query\":\"plugin: netscan\",\"language\":\"lucene\"}}"
      }
    }
  },
  {
    "_id": "22e7e340-c2f1-11e9-9a72-cb4b7fdfd6a0",
    "_type": "visualization",
    "_source": {
      "title": "VH-Timer Owners",
      "visState": "{\"title\":\"VH-Timer Owners\",\"type\":\"horizontal_bar\",\"params\":{\"type\":\"histogram\",\"grid\":{\"categoryLines\":false,\"style\":{\"color\":\"#eee\"}},\"categoryAxes\":[{\"id\":\"CategoryAxis-1\",\"type\":\"category\",\"position\":\"left\",\"show\":true,\"style\":{},\"scale\":{\"type\":\"linear\"},\"labels\":{\"show\":true,\"rotate\":0,\"filter\":false,\"truncate\":200},\"title\":{}}],\"valueAxes\":[{\"id\":\"ValueAxis-1\",\"name\":\"LeftAxis-1\",\"type\":\"value\",\"position\":\"bottom\",\"show\":true,\"style\":{},\"scale\":{\"type\":\"linear\",\"mode\":\"normal\"},\"labels\":{\"show\":true,\"rotate\":75,\"filter\":true,\"truncate\":100},\"title\":{\"text\":\"Count\"}}],\"seriesParams\":[{\"show\":true,\"type\":\"histogram\",\"mode\":\"normal\",\"data\":{\"label\":\"Count\",\"id\":\"1\"},\"valueAxis\":\"ValueAxis-1\",\"drawLinesBetweenPoints\":true,\"showCircles\":true}],\"addTooltip\":true,\"addLegend\":true,\"legendPosition\":\"right\",\"times\":[],\"addTimeMarker\":false},\"aggs\":[{\"id\":\"1\",\"enabled\":true,\"type\":\"count\",\"schema\":\"metric\",\"params\":{}},{\"id\":\"2\",\"enabled\":true,\"type\":\"terms\",\"schema\":\"segment\",\"params\":{\"field\":\"timer.module.keyword\",\"otherBucket\":false,\"otherBucketLabel\":\"Other\",\"missingBucket\":false,\"missingBucketLabel\":\"Missing\",\"size\":12,\"order\":\"asc\",\"orderBy\":\"1\",\"customLabel\":\"Owning Driver\"}}]}",
      "uiStateJSON": "{}",
      "description": "",
      "version": 1,
      "kibanaSavedObjectMeta": {
        "searchSourceJSON": "{\"index\":\"eebfc5e0-c356-11e9-9eef-bf3fd59e7f29\",\"filter\":[],\"query\":{\"query\":\"plugin: timers\",\"language\":\"lucene\"}}"
      }
    }
  },
  {
    "_id": "b68de700-c433-11e9-9eef-bf3fd59e7f29",
    "_type": "visualization",
    "_source": {
      "title": "VH-Host Discovery Commands",
      "visState": "{\"title\":\"VH-Host Discovery Commands\",\"type\":\"histogram\",\"params\":{\"addLegend\":true,\"addTimeMarker\":false,\"addTooltip\":true,\"categoryAxes\":[{\"id\":\"CategoryAxis-1\",\"labels\":{\"show\":true,\"truncate\":100},\"position\":\"bottom\",\"scale\":{\"type\":\"linear\"},\"show\":true,\"style\":{},\"title\":{},\"type\":\"category\"}],\"grid\":{\"categoryLines\":false,\"style\":{\"color\":\"#eee\"}},\"legendPosition\":\"right\",\"seriesParams\":[{\"data\":{\"id\":\"1\",\"label\":\"Count\"},\"drawLinesBetweenPoints\":true,\"mode\":\"stacked\",\"show\":\"true\",\"showCircles\":true,\"type\":\"histogram\",\"valueAxis\":\"ValueAxis-1\"}],\"times\":[],\"type\":\"histogram\",\"valueAxes\":[{\"id\":\"ValueAxis-1\",\"labels\":{\"filter\":false,\"rotate\":0,\"show\":true,\"truncate\":100},\"name\":\"LeftAxis-1\",\"position\":\"left\",\"scale\":{\"mode\":\"normal\",\"type\":\"linear\"},\"show\":true,\"style\":{},\"title\":{\"text\":\"Count\"},\"type\":\"value\"}]},\"aggs\":[{\"id\":\"1\",\"enabled\":true,\"type\":\"count\",\"schema\":\"metric\",\"params\":{}},{\"id\":\"2\",\"enabled\":true,\"type\":\"terms\",\"schema\":\"segment\",\"params\":{\"field\":\"process.name.keyword\",\"size\":10,\"order\":\"desc\",\"orderBy\":\"1\",\"otherBucket\":false,\"otherBucketLabel\":\"Other\",\"missingBucket\":false,\"missingBucketLabel\":\"Missing\",\"include\":\"\",\"customLabel\":\"Process Name\"}},{\"id\":\"3\",\"enabled\":true,\"type\":\"terms\",\"schema\":\"group\",\"params\":{\"field\":\"process.parent.name.keyword\",\"size\":5,\"order\":\"desc\",\"orderBy\":\"1\",\"otherBucket\":false,\"otherBucketLabel\":\"Other\",\"missingBucket\":false,\"missingBucketLabel\":\"Missing\",\"customLabel\":\"Parent Process\"}},{\"id\":\"4\",\"enabled\":true,\"type\":\"terms\",\"schema\":\"group\",\"params\":{\"field\":\"hostname.keyword\",\"size\":5,\"order\":\"desc\",\"orderBy\":\"1\",\"otherBucket\":false,\"otherBucketLabel\":\"Other\",\"missingBucket\":false,\"missingBucketLabel\":\"Missing\",\"customLabel\":\"Hostname\"}}]}",
      "uiStateJSON": "{}",
      "description": "",
      "version": 1,
      "kibanaSavedObjectMeta": {
        "searchSourceJSON": "{\"index\":\"eebfc5e0-c356-11e9-9eef-bf3fd59e7f29\",\"query\":{\"language\":\"lucene\",\"query\":\"process.name: hostname.exe OR process.name: ipconfig.exe OR process.name: net* OR process.name: quser.exe OR process.name: qwinsta.exe OR process.name: sc.exe OR process.name: systeminfo.exe OR process.name: tasklist.exe OR process.name: dsquery.exe OR process.name: whoami.exe\"},\"filter\":[]}"
      }
    }
  },
  {
    "_id": "8a9d07b0-c2ef-11e9-9a72-cb4b7fdfd6a0",
    "_type": "visualization",
    "_source": {
      "title": "VH-Strange Logons",
      "visState": "{\"title\":\"VH-Strange Logons\",\"type\":\"horizontal_bar\",\"params\":{\"addLegend\":true,\"addTimeMarker\":false,\"addTooltip\":true,\"categoryAxes\":[{\"id\":\"CategoryAxis-1\",\"labels\":{\"filter\":false,\"rotate\":0,\"show\":true,\"truncate\":200},\"position\":\"left\",\"scale\":{\"type\":\"linear\"},\"show\":true,\"style\":{},\"title\":{},\"type\":\"category\"}],\"grid\":{\"categoryLines\":false,\"style\":{\"color\":\"#eee\"}},\"legendPosition\":\"right\",\"seriesParams\":[{\"data\":{\"id\":\"1\",\"label\":\"Count\"},\"drawLinesBetweenPoints\":true,\"mode\":\"normal\",\"show\":true,\"showCircles\":true,\"type\":\"histogram\",\"valueAxis\":\"ValueAxis-1\"}],\"times\":[],\"type\":\"histogram\",\"valueAxes\":[{\"id\":\"ValueAxis-1\",\"labels\":{\"filter\":true,\"rotate\":75,\"show\":true,\"truncate\":100},\"name\":\"LeftAxis-1\",\"position\":\"bottom\",\"scale\":{\"mode\":\"normal\",\"type\":\"linear\"},\"show\":true,\"style\":{},\"title\":{\"text\":\"Count\"},\"type\":\"value\"}]},\"aggs\":[{\"id\":\"1\",\"enabled\":true,\"type\":\"count\",\"schema\":\"metric\",\"params\":{}},{\"id\":\"2\",\"enabled\":true,\"type\":\"terms\",\"schema\":\"segment\",\"params\":{\"field\":\"process.name.keyword\",\"size\":5,\"order\":\"desc\",\"orderBy\":\"1\",\"otherBucket\":false,\"otherBucketLabel\":\"Other\",\"missingBucket\":false,\"missingBucketLabel\":\"Missing\",\"exclude\":\"\",\"include\":\"winlogon.exe|csrss.exe\",\"customLabel\":\"Process Name\"}},{\"id\":\"3\",\"enabled\":true,\"type\":\"terms\",\"schema\":\"group\",\"params\":{\"field\":\"process.parent.name.keyword\",\"size\":5,\"order\":\"asc\",\"orderBy\":\"1\",\"otherBucket\":false,\"otherBucketLabel\":\"Other\",\"missingBucket\":false,\"missingBucketLabel\":\"Missing\",\"customLabel\":\"Parent Process\"}},{\"id\":\"4\",\"enabled\":true,\"type\":\"terms\",\"schema\":\"group\",\"params\":{\"field\":\"hostname.keyword\",\"size\":5,\"order\":\"desc\",\"orderBy\":\"1\",\"otherBucket\":false,\"otherBucketLabel\":\"Other\",\"missingBucket\":false,\"missingBucketLabel\":\"Missing\"}}]}",
      "uiStateJSON": "{}",
      "description": "",
      "version": 1,
      "kibanaSavedObjectMeta": {
        "searchSourceJSON": "{\"index\":\"eebfc5e0-c356-11e9-9eef-bf3fd59e7f29\",\"filter\":[],\"query\":{\"language\":\"lucene\",\"query\":\"\"}}"
      }
    }
  },
  {
    "_id": "0f20b1b0-c441-11e9-9eef-bf3fd59e7f29",
    "_type": "visualization",
    "_source": {
      "title": "VH-LSASS Spawning EXEs",
      "visState": "{\"aggs\":[{\"enabled\":true,\"id\":\"1\",\"params\":{},\"schema\":\"metric\",\"type\":\"count\"},{\"enabled\":true,\"id\":\"2\",\"params\":{\"customLabel\":\"Process Spawned by LSASS\",\"field\":\"process.name.keyword\",\"missingBucket\":false,\"missingBucketLabel\":\"Missing\",\"order\":\"desc\",\"orderBy\":\"1\",\"otherBucket\":false,\"otherBucketLabel\":\"Other\",\"size\":10},\"schema\":\"segment\",\"type\":\"terms\"},{\"enabled\":true,\"id\":\"3\",\"params\":{\"customLabel\":\"Hostname\",\"field\":\"hostname.keyword\",\"missingBucket\":false,\"missingBucketLabel\":\"Missing\",\"order\":\"desc\",\"orderBy\":\"1\",\"otherBucket\":false,\"otherBucketLabel\":\"Other\",\"size\":5},\"schema\":\"group\",\"type\":\"terms\"}],\"params\":{\"addLegend\":true,\"addTimeMarker\":false,\"addTooltip\":true,\"categoryAxes\":[{\"id\":\"CategoryAxis-1\",\"labels\":{\"show\":true,\"truncate\":100},\"position\":\"bottom\",\"scale\":{\"type\":\"linear\"},\"show\":true,\"style\":{},\"title\":{},\"type\":\"category\"}],\"grid\":{\"categoryLines\":false,\"style\":{\"color\":\"#eee\"}},\"legendPosition\":\"right\",\"seriesParams\":[{\"data\":{\"id\":\"1\",\"label\":\"Count\"},\"drawLinesBetweenPoints\":true,\"mode\":\"stacked\",\"show\":\"true\",\"showCircles\":true,\"type\":\"histogram\",\"valueAxis\":\"ValueAxis-1\"}],\"times\":[],\"type\":\"histogram\",\"valueAxes\":[{\"id\":\"ValueAxis-1\",\"labels\":{\"filter\":false,\"rotate\":0,\"show\":true,\"truncate\":100},\"name\":\"LeftAxis-1\",\"position\":\"left\",\"scale\":{\"mode\":\"normal\",\"type\":\"linear\"},\"show\":true,\"style\":{},\"title\":{\"text\":\"Count\"},\"type\":\"value\"}]},\"title\":\"VH-LSASS Spawning EXEs\",\"type\":\"histogram\"}",
      "uiStateJSON": "{}",
      "description": "",
      "version": 1,
      "kibanaSavedObjectMeta": {
        "searchSourceJSON": "{\"index\":\"eebfc5e0-c356-11e9-9eef-bf3fd59e7f29\",\"query\":{\"language\":\"lucene\",\"query\":\"process.parent.name: lsass.exe AND plugin: pslist\"},\"filter\":[]}"
      }
    }
  },
  {
    "_id": "0583d950-c2ef-11e9-9a72-cb4b7fdfd6a0",
    "_type": "visualization",
    "_source": {
      "title": "VH-CMDLine Spawners",
      "visState": "{\"title\":\"VH-CMDLine Spawners\",\"type\":\"horizontal_bar\",\"params\":{\"type\":\"histogram\",\"grid\":{\"categoryLines\":false,\"style\":{\"color\":\"#eee\"}},\"categoryAxes\":[{\"id\":\"CategoryAxis-1\",\"type\":\"category\",\"position\":\"left\",\"show\":true,\"style\":{},\"scale\":{\"type\":\"linear\"},\"labels\":{\"show\":true,\"rotate\":0,\"filter\":false,\"truncate\":200},\"title\":{}}],\"valueAxes\":[{\"id\":\"ValueAxis-1\",\"name\":\"LeftAxis-1\",\"type\":\"value\",\"position\":\"bottom\",\"show\":true,\"style\":{},\"scale\":{\"type\":\"linear\",\"mode\":\"normal\"},\"labels\":{\"show\":true,\"rotate\":75,\"filter\":true,\"truncate\":100},\"title\":{\"text\":\"Count\"}}],\"seriesParams\":[{\"show\":true,\"type\":\"histogram\",\"mode\":\"normal\",\"data\":{\"label\":\"Count\",\"id\":\"1\"},\"valueAxis\":\"ValueAxis-1\",\"drawLinesBetweenPoints\":true,\"showCircles\":true}],\"addTooltip\":true,\"addLegend\":true,\"legendPosition\":\"right\",\"times\":[],\"addTimeMarker\":false},\"aggs\":[{\"id\":\"1\",\"enabled\":true,\"type\":\"count\",\"schema\":\"metric\",\"params\":{}},{\"id\":\"2\",\"enabled\":true,\"type\":\"terms\",\"schema\":\"segment\",\"params\":{\"field\":\"process.name.keyword\",\"size\":5,\"order\":\"desc\",\"orderBy\":\"1\",\"otherBucket\":false,\"otherBucketLabel\":\"Other\",\"missingBucket\":false,\"missingBucketLabel\":\"Missing\",\"include\":\"powershell.exe|cmd.exe\",\"customLabel\":\"CMD Line\"}},{\"id\":\"3\",\"enabled\":true,\"type\":\"terms\",\"schema\":\"group\",\"params\":{\"field\":\"process.parent.name.keyword\",\"size\":10,\"order\":\"desc\",\"orderBy\":\"1\",\"otherBucket\":false,\"otherBucketLabel\":\"Other\",\"missingBucket\":false,\"missingBucketLabel\":\"Missing\",\"customLabel\":\"Parent Process\"}}]}",
      "uiStateJSON": "{}",
      "description": "",
      "version": 1,
      "kibanaSavedObjectMeta": {
        "searchSourceJSON": "{\"index\":\"eebfc5e0-c356-11e9-9eef-bf3fd59e7f29\",\"filter\":[],\"query\":{\"query\":\"\",\"language\":\"lucene\"}}"
      }
    }
  }
]